,Averge Periodic Sharpe,Overall Sharpe,Std Ret
0,-0.18357526427270393,2.384141679947394,0.07325831618923145
