,Averge Periodic Sharpe,Overall Sharpe,Std Ret
0,0.8070084849820424,12.843237600201157,0.10769270010855378
